danceability,energy,key,loudness,mode,tempo,time_signature,track_id,genre
0.0,0.0,4,-9.983,1,160.839,1,TRAACTB12903CAAF15,Country
0.0,0.0,1,-11.335,0,137.29,4,TRAAGNL128F4299BF1,Country
0.0,0.0,5,-15.581,1,82.343,1,TRAAGOH128F42593CE,Country
0.0,0.0,3,-11.98,1,91.487,4,TRAAGPF12903CE027E,Country
0.0,0.0,7,-13.627,1,100.194,3,TRAAIAE128F42AC53D,Country
0.0,0.0,4,-18.114,1,152.267,3,TRAAJJV128F42A2F99,Country
0.0,0.0,7,-11.965,0,114.027,3,TRAALZC128F92E11A6,Country
0.0,0.0,2,-12.772,1,148.357,4,TRAAMKI128F428537A,Country
0.0,0.0,5,-17.308,1,159.582,3,TRAAMKW128F4249CF0,Country
0.0,0.0,4,-10.647,1,159.968,4,TRAAOEH128F426A82F,Country
0.0,0.0,7,-9.258,1,121.983,3,TRAAQUF12903CDF4A4,Country
0.0,0.0,2,-14.123,1,109.065,1,TRAAUWD128F930DD4E,Country
0.0,0.0,9,-9.668,1,165.668,3,TRAAVGB12903CFAA99,Country
0.0,0.0,1,-15.915,1,86.162,4,TRAAYRA128F92E9CC7,Country
0.0,0.0,5,-12.0,1,157.746,1,TRABDDP128F92FA843,Country
0.0,0.0,11,-14.014,1,157.779,4,TRABFGJ12903CF6A75,Country
0.0,0.0,0,-11.927,1,101.485,3,TRABLOM128F426BE8A,Country
0.0,0.0,2,-13.134,1,152.434,1,TRABLSO128F14A4707,Country
0.0,0.0,9,-10.225,1,101.662,4,TRABNNO128F9342FE3,Country
0.0,0.0,4,-8.942,1,155.896,4,TRABONH128F92D58DA,Country
0.0,0.0,0,-10.85,1,126.533,4,TRABSPB12903D1337A,Country
0.0,0.0,10,-11.937,0,102.731,4,TRABVIH128F92EDCDA,Country
0.0,0.0,7,-15.546,1,121.773,4,TRABZCL128E0789AED,Country
0.0,0.0,1,-16.504,0,146.894,1,TRABZRB128F423EFA9,Country
0.0,0.0,7,-13.12,1,90.61,4,TRACDCZ128F4285AE0,Country
0.0,0.0,2,-14.28,1,80.738,3,TRACFFX128F421E641,Country
0.0,0.0,5,-16.884,1,121.815,4,TRACGHL128F933FF2D,Country
0.0,0.0,0,-13.873,1,96.212,1,TRACHAL128F427DD25,Country
0.0,0.0,9,-4.994,0,201.951,4,TRACISV12903D13877,Country
0.0,0.0,4,-7.087,1,118.041,4,TRACJKR12903D02C75,Country
0.0,0.0,2,-11.663,1,74.809,4,TRACJWY12903CB7DBF,Country
0.0,0.0,9,-13.592,1,105.202,4,TRACLRS12903CE9386,Country
0.0,0.0,5,-11.851,1,98.117,1,TRACLUJ128F422DDA1,Country
0.0,0.0,8,-15.755,1,186.13,4,TRACMAD128F429742B,Country
0.0,0.0,10,-7.688,1,74.166,5,TRACOBC128F4266853,Country
0.0,0.0,7,-12.584,1,81.809,4,TRACOGY128F92FE95C,Country
0.0,0.0,6,-11.156,1,67.904,4,TRACOSY128F92F12B7,Country
0.0,0.0,2,-18.184,1,141.51,4,TRACTHF128F4295A22,Country
0.0,0.0,2,-9.89,1,140.659,1,TRACTMI128F931B412,Country
0.0,0.0,7,-18.118,1,185.246,5,TRADBBM128F930DC49,Country
0.0,0.0,7,-19.602,1,64.141,1,TRADCBA128F92E7161,Country
0.0,0.0,7,-5.864,1,223.34,4,TRADGIX128F9315B2D,Country
0.0,0.0,0,-11.537,1,119.963,1,TRADNRG128F426F18C,Country
0.0,0.0,2,-19.991,1,74.665,3,TRADNRG128F4295A0E,Country
0.0,0.0,11,-16.399,1,83.053,3,TRADOWO12903CD9BA2,Country
0.0,0.0,10,-11.611,1,104.799,4,TRADPPX128E078B0BC,Country
0.0,0.0,1,-10.002,1,122.022,4,TRADQHV128F92CD663,Country
0.0,0.0,11,-9.823,1,118.268,1,TRADQPB128F931A603,Country
0.0,0.0,11,-14.301,0,96.027,3,TRADRHX12903CCD1DF,Country
0.0,0.0,1,-21.511,0,92.326,4,TRADSIB128F93177AB,Country
0.0,0.0,0,-6.601,1,174.268,4,TRAEBKD12903D00D5C,Country
0.0,0.0,0,-14.073,1,99.435,4,TRAEBPG128F14AA0DA,Country
0.0,0.0,4,-10.261,1,221.858,4,TRAEEMP128F92F4B9C,Country
0.0,0.0,10,-14.172,0,95.655,4,TRAEGUL128E078B0C1,Country
0.0,0.0,5,-12.239,1,112.781,4,TRAEHOI12903CD02C8,Country
0.0,0.0,0,-12.193,1,174.785,4,TRAEHXW128F146F3C5,Country
0.0,0.0,7,-17.222,0,110.595,4,TRAEKCR128F14593A5,Country
0.0,0.0,5,-12.324,1,95.781,4,TRAELXD128F14A8B21,Country
0.0,0.0,2,-6.986,1,147.928,4,TRAENGY128F4272846,Country
0.0,0.0,11,-11.552,1,73.979,3,TRAEOUJ128EF352F8B,Country
0.0,0.0,3,-13.141,1,93.312,1,TRAEPGQ128F932AE6D,Country
0.0,0.0,4,-10.38,1,89.219,3,TRAEQQE128F42920E3,Country
0.0,0.0,2,-13.321,1,148.653,4,TRAEQZR128F92E9D73,Country
0.0,0.0,9,-20.832,1,116.539,4,TRAEUCH128F427FA5E,Country
0.0,0.0,0,-17.772,1,103.053,5,TRAEWYQ128F9306C38,Country
0.0,0.0,4,-10.164,1,116.829,4,TRAFAKH128F9339643,Country
0.0,0.0,2,-9.322,1,108.417,4,TRAFKDF12903D09556,Country
0.0,0.0,7,-15.354,1,108.128,4,TRAFNMJ128F92D15D8,Country
0.0,0.0,0,-11.51,1,174.437,4,TRAFQAJ128F429458C,Country
0.0,0.0,9,-26.997,1,142.398,4,TRAFSGJ12903CAA742,Country
0.0,0.0,2,-13.558,1,69.704,1,TRAFVDV128F42936BA,Country
0.0,0.0,0,-17.896,1,114.028,3,TRAFVEB128F933CA60,Country
0.0,0.0,7,-12.581,1,112.88,4,TRAGAVF128F424829B,Country
0.0,0.0,9,-13.644,1,114.382,4,TRAGCTZ128F4290974,Country
0.0,0.0,7,-10.294,1,96.716,4,TRAGDVU12903CDCD8B,Country
0.0,0.0,8,-12.144,1,95.981,4,TRAGEXH12903CB4C10,Country
0.0,0.0,5,-11.14,1,133.428,1,TRAGGHA128F4262D55,Country
0.0,0.0,6,-11.958,1,82.789,5,TRAGJQL128E078E840,Country
0.0,0.0,0,-14.573,1,100.398,4,TRAGKFX128F9308791,Country
0.0,0.0,2,-11.852,1,120.546,4,TRAGKLF128F9315B67,Country
0.0,0.0,7,-18.169,1,118.472,4,TRAGUAA128F4291AB1,Country
0.0,0.0,7,-13.027,1,90.81,3,TRAGUCZ128F426E5F6,Country
0.0,0.0,1,-13.136,1,196.303,4,TRAGXUZ128F9311745,Country
0.0,0.0,0,-8.278,1,126.618,4,TRAHABN12903CBD3C5,Country
0.0,0.0,9,-16.261,1,142.479,4,TRAHCRI128F4255C6E,Country
0.0,0.0,8,-18.891,1,80.016,7,TRAHDSO128F426B033,Country
0.0,0.0,2,-8.592,1,84.069,4,TRAHHAY12903CD8B6F,Country
0.0,0.0,6,-14.712,0,101.335,4,TRAHODY128F92F6CB6,Country
0.0,0.0,4,-6.156,1,155.926,4,TRAHOSZ12903CA58F1,Country
0.0,0.0,6,-21.685,1,76.125,1,TRAHOVC128F4297419,Country
0.0,0.0,0,-15.987,1,86.197,4,TRAHQHC128F42A77D8,Country
0.0,0.0,1,-15.912,0,142.782,3,TRAHQKV12903CB6CA9,Country
0.0,0.0,6,-16.866,1,65.573,5,TRAHSKG128F426A89A,Country
0.0,0.0,4,-12.892,1,120.92,1,TRAHTNH12903CAB43D,Country
0.0,0.0,0,-5.384,1,140.595,4,TRAHTZN128F421A41F,Country
0.0,0.0,2,-11.367,1,145.635,1,TRAHUVQ12903D05C14,Country
0.0,0.0,0,-7.659,1,170.079,1,TRAHVBF12903CB81F3,Country
0.0,0.0,2,-10.415,1,113.86,4,TRAHVRW128F92F15FE,Country
0.0,0.0,9,-9.018,1,88.942,4,TRAHXEG128F428F1EC,Country
0.0,0.0,0,-13.683,1,88.314,7,TRAICRD12903CDE044,Country
0.0,0.0,7,-6.697,0,114.041,4,TRAAAVG12903CFA543,Electronic
0.0,0.0,6,-6.486,0,125.006,4,TRAACIW12903CC0F6D,Electronic
0.0,0.0,0,-10.93,1,141.919,4,TRAADQX128F422B4CF,Electronic
0.0,0.0,10,-9.493,0,95.596,4,TRAADRN128F932D607,Electronic
0.0,0.0,0,-8.541,0,102.538,4,TRAAELO128F9302DD1,Electronic
0.0,0.0,0,-12.951,0,63.017,4,TRAAGEC128E079252C,Electronic
0.0,0.0,2,-6.693,1,167.92,4,TRAAGHM128EF35CF8E,Electronic
0.0,0.0,10,-4.313,1,108.367,4,TRAAIXN128F428027A,Electronic
0.0,0.0,1,-18.147,0,136.164,4,TRAAMKL128F9347D8A,Electronic
0.0,0.0,4,-7.661,0,126.941,4,TRAAMKP12903CC74F4,Electronic
0.0,0.0,11,-11.708,0,138.003,4,TRAANTD128F9323B23,Electronic
0.0,0.0,7,-16.968,0,130.284,4,TRAANTZ128E0792529,Electronic
0.0,0.0,11,-12.26,1,123.993,4,TRAAORY128F934984F,Electronic
0.0,0.0,0,-6.947,1,90.648,3,TRAAPWD128F931ACD4,Electronic
0.0,0.0,1,-10.57,1,210.47,4,TRAASSO12903CDD2FF,Electronic
0.0,0.0,2,-9.506,1,109.636,5,TRAAUDN128F933F20D,Electronic
0.0,0.0,1,-7.535,1,125.558,4,TRAAXMX128F9307699,Electronic
0.0,0.0,8,-10.683,0,130.006,4,TRABAXL128F424FC50,Electronic
0.0,0.0,4,-5.134,0,174.993,4,TRABBNP128F932546F,Electronic
0.0,0.0,5,-7.427,0,139.993,4,TRABCAJ12903CDFCC2,Electronic
0.0,0.0,2,-18.724,1,97.619,3,TRABGYU128F422B4D3,Electronic
0.0,0.0,1,-27.806,1,75.127,1,TRABMBK12903CB8E0A,Electronic
0.0,0.0,9,-14.979,1,120.876,5,TRABMDW128F14682DD,Electronic
0.0,0.0,6,-6.26,1,138.048,4,TRABROW128F9338E5B,Electronic
0.0,0.0,10,-5.703,0,127.0,4,TRABUIN128F93022FF,Electronic
0.0,0.0,5,-7.743,0,100.032,4,TRABUJF128F933ABF7,Electronic
0.0,0.0,4,-3.584,0,88.973,4,TRABWFU128F425949F,Electronic
0.0,0.0,7,-5.963,1,132.892,4,TRABWJA128F1460CFC,Electronic
0.0,0.0,0,-7.381,1,97.362,3,TRABWUW128F93214D6,Electronic
0.0,0.0,7,-4.141,1,95.973,4,TRABXTZ128F14A46A3,Electronic
0.0,0.0,1,-5.202,1,129.984,4,TRACBWX128F92FD725,Electronic
0.0,0.0,0,-9.074,1,64.811,4,TRACHKX128F934B07A,Electronic
0.0,0.0,0,-4.379,1,141.836,4,TRACIJF128F424317B,Electronic
0.0,0.0,11,-12.593,1,127.923,4,TRACLPE128F4287687,Electronic
0.0,0.0,6,-5.434,0,215.916,5,TRACOUL128F425BDE0,Electronic
0.0,0.0,4,-5.911,0,96.287,4,TRACRQV12903CC995F,Electronic
0.0,0.0,4,-4.002,1,120.119,4,TRACSBL128F42480E8,Electronic
0.0,0.0,1,-15.305,1,99.968,4,TRADBQM128F92F79EF,Electronic
0.0,0.0,10,-1.723,0,103.807,4,TRADLZB128F933BB9B,Electronic
0.0,0.0,2,-8.788,1,205.972,4,TRADNPB128F423AEE7,Electronic
0.0,0.0,2,-7.168,1,128.976,4,TRADQJL128F92D9957,Electronic
0.0,0.0,9,-6.992,1,126.984,4,TRADREG128E07983B8,Electronic
0.0,0.0,7,-9.535,1,134.21,4,TRADRKK128F92FF034,Electronic
0.0,0.0,9,-5.085,1,140.013,4,TRADROR128F42936A4,Electronic
0.0,0.0,2,-14.443,1,219.826,3,TRADUSB128F92C50C6,Electronic
0.0,0.0,0,-8.085,1,172.172,4,TRADYNQ128F931BCB3,Electronic
0.0,0.0,3,-19.814,0,105.218,4,TRAEBPU12903CE743E,Electronic
0.0,0.0,6,-4.68,1,106.659,4,TRAEDDD12903CCF7E7,Electronic
0.0,0.0,10,-8.586,1,124.988,4,TRAEJFN128F4291C10,Electronic
0.0,0.0,1,-8.907,0,130.017,4,TRAEKCV128E0781A5B,Electronic
0.0,0.0,8,-28.475,1,97.845,4,TRAEOMT128F92FE852,Electronic
0.0,0.0,11,-10.201,0,124.976,4,TRAEOUM128F42915ED,Electronic
0.0,0.0,4,-8.92,0,87.995,1,TRAERCU128F42660A2,Electronic
0.0,0.0,10,-8.178,0,115.862,4,TRAETFX128F933CE66,Electronic
0.0,0.0,11,-3.382,0,120.042,4,TRAETZJ128F422B208,Electronic
0.0,0.0,2,-34.703,0,95.869,4,TRAEUGG128E07826F2,Electronic
0.0,0.0,1,-9.199,0,100.01,4,TRAEUMH128F42592BF,Electronic
0.0,0.0,9,-7.42,1,161.196,1,TRAEVLC128F9306C77,Electronic
0.0,0.0,7,-12.891,1,51.265,1,TRAEVLZ128F932D969,Electronic
0.0,0.0,7,-11.96,1,105.982,4,TRAEXXT128F427AF12,Electronic
0.0,0.0,5,-15.644,0,93.32,5,TRAEYJG12903C98F15,Electronic
0.0,0.0,2,-8.637,1,120.954,4,TRAFAJA128F9333A92,Electronic
0.0,0.0,1,-8.559,1,93.33,1,TRAFCZM128F931AD24,Electronic
0.0,0.0,11,-8.328,0,102.009,4,TRAFDBU128F93095F8,Electronic
0.0,0.0,6,-14.904,0,123.094,4,TRAFDXV12903D085CF,Electronic
0.0,0.0,0,-9.805,1,126.007,4,TRAFJJJ128E078E0B8,Electronic
0.0,0.0,11,-9.793,0,130.823,5,TRAFKBW128F428C4E6,Electronic
0.0,0.0,3,-6.042,0,123.994,4,TRAFKHA12903CF0E89,Electronic
0.0,0.0,6,-5.299,1,127.981,4,TRAFKLJ128F9331BE6,Electronic
0.0,0.0,10,-7.638,1,74.384,7,TRAFLYL128F932DB93,Electronic
0.0,0.0,1,-6.965,1,94.005,4,TRAFPFW128F423B0A6,Electronic
0.0,0.0,0,-8.948,0,140.025,4,TRAFRBN128F93095F4,Electronic
0.0,0.0,1,-20.142,1,98.823,7,TRAFRJH128E0781C5B,Electronic
0.0,0.0,10,-6.962,0,133.903,3,TRAFRYJ128F92E638B,Electronic
0.0,0.0,5,-10.596,0,229.808,4,TRAFSIP128F9301AE9,Electronic
0.0,0.0,7,-6.36,1,134.5,4,TRAFTDN128F427C29D,Electronic
0.0,0.0,4,-9.134,0,139.963,3,TRAFUTO128F428E434,Electronic
0.0,0.0,6,-9.783,0,137.971,4,TRAFVUV128F4282D36,Electronic
0.0,0.0,11,-11.009,0,127.874,4,TRAFYUE12903CAFDF3,Electronic
0.0,0.0,0,-11.957,1,163.725,7,TRAGDAF128F92F928C,Electronic
0.0,0.0,0,-10.328,1,95.315,1,TRAGEHE128F423E5A1,Electronic
0.0,0.0,5,-6.924,0,120.938,4,TRAGEVR128F4276B92,Electronic
0.0,0.0,1,-16.486,1,121.896,4,TRAGFDW128F14682F5,Electronic
0.0,0.0,9,-9.502,1,72.073,4,TRAGFJM128F427E764,Electronic
0.0,0.0,10,-7.255,0,125.012,4,TRAGGUB128F424FDB4,Electronic
0.0,0.0,4,-7.893,0,142.351,3,TRAGHID128F93156AF,Electronic
0.0,0.0,8,-10.215,0,216.023,4,TRAGHTH128F92F676E,Electronic
0.0,0.0,4,-2.988,1,140.013,4,TRAGNOK12903CE7FF6,Electronic
0.0,0.0,1,-8.209,1,118.203,4,TRAGQLG128F9351109,Electronic
0.0,0.0,7,-11.428,1,133.64,4,TRAGQMQ12903CC4279,Electronic
0.0,0.0,0,-22.517,1,142.158,4,TRAGRBP128F422B80A,Electronic
0.0,0.0,9,-9.532,1,155.996,4,TRAGTNK128F14732E1,Electronic
0.0,0.0,9,-7.83,1,127.902,4,TRAGUMD128F9313BC2,Electronic
0.0,0.0,7,-9.249,1,116.024,4,TRAGWDA128F1473193,Electronic
0.0,0.0,7,-6.497,1,137.963,4,TRAGYXF12903CC55B2,Electronic
0.0,0.0,6,-10.744,1,135.053,4,TRAHBGV128F92F0790,Electronic
0.0,0.0,0,-6.637,1,122.934,4,TRAHCDJ128F9310F1C,Electronic
0.0,0.0,6,-12.643,1,108.069,3,TRAHDSD12903CFE7D0,Electronic
0.0,0.0,5,-5.317,0,95.298,3,TRAHEEQ128F4237D87,Electronic
0.0,0.0,10,-10.87,0,179.987,4,TRAHFCR128F422A375,Electronic
0.0,0.0,7,-7.762,1,41.993,1,TRAACVS128E078BE39,Hip-Hop
0.0,0.0,7,-11.043,1,90.218,4,TRAADYI128E078FB38,Hip-Hop
0.0,0.0,7,-7.307,1,201.802,3,TRAAUZX128F92F3D53,Hip-Hop
0.0,0.0,1,-9.745,0,175.393,4,TRAAXEJ12903CA7253,Hip-Hop
0.0,0.0,1,-7.041,1,107.185,4,TRABLND12903CA653B,Hip-Hop
0.0,0.0,6,-6.181,1,96.007,4,TRABQFJ12903CB6C29,Hip-Hop
0.0,0.0,10,-2.542,0,185.094,4,TRABUZC128E078603F,Hip-Hop
0.0,0.0,4,-7.837,0,81.901,4,TRACILD128F930AF53,Hip-Hop
0.0,0.0,9,-9.725,1,93.174,4,TRADGXJ128E078FB3A,Hip-Hop
0.0,0.0,2,-13.276,0,109.135,1,TRADSQX128F14B0418,Hip-Hop
0.0,0.0,6,-3.985,0,90.148,4,TRADZLL128F93182D7,Hip-Hop
0.0,0.0,11,-12.042,1,88.064,4,TRAEIMT128F1466ED6,Hip-Hop
0.0,0.0,6,-6.618,1,94.993,4,TRAFJIW128E078E1DE,Hip-Hop
0.0,0.0,5,-14.808,1,96.22,4,TRAFQJT12903CF4891,Hip-Hop
0.0,0.0,1,-8.987,1,117.263,4,TRAGUPU128F42685F4,Hip-Hop
0.0,0.0,10,-13.306,0,73.507,5,TRAGWJK12903CE640F,Hip-Hop
0.0,0.0,8,-3.848,0,97.143,4,TRAHYFE128F4273577,Hip-Hop
0.0,0.0,7,-10.069,1,84.973,4,TRAIDBZ12903CF5A37,Hip-Hop
0.0,0.0,1,-7.425,1,109.659,4,TRAIFYS128F42685F1,Hip-Hop
0.0,0.0,6,-6.211,0,183.437,4,TRAIPBF12903D074F5,Hip-Hop
0.0,0.0,7,-8.451,1,121.708,1,TRAIQBX12903CE8E30,Hip-Hop
0.0,0.0,10,-4.754,1,155.979,4,TRAISYN12903CBBCEE,Hip-Hop
0.0,0.0,6,-11.255,1,99.612,4,TRAIWKK128F92FA8A9,Hip-Hop
0.0,0.0,9,-5.136,0,102.008,4,TRAJCVA128F426C51D,Hip-Hop
0.0,0.0,2,-5.022,1,92.571,4,TRAJENI128F425B7F4,Hip-Hop
0.0,0.0,5,-5.345,0,120.716,3,TRAJJPB128F1456D6A,Hip-Hop
0.0,0.0,1,-8.4,1,105.207,5,TRAJKTF128F9322470,Hip-Hop
0.0,0.0,10,-3.858,0,104.99,3,TRAJKTV128F1453E3C,Hip-Hop
0.0,0.0,6,-3.737,1,99.487,5,TRAJPIK128F1460C83,Hip-Hop
0.0,0.0,2,-5.179,1,89.478,4,TRAKNRO128C7196883,Hip-Hop
0.0,0.0,10,-6.249,0,94.146,4,TRAKROC128F9326B09,Hip-Hop
0.0,0.0,6,-10.212,0,199.07,7,TRALUAQ128F427EB26,Hip-Hop
0.0,0.0,11,-7.076,1,95.991,4,TRALWDN128F1456DB7,Hip-Hop
0.0,0.0,6,-7.805,1,93.925,4,TRALXLX128E078D1B4,Hip-Hop
0.0,0.0,10,-5.108,1,86.979,4,TRAMNQJ128F1456E04,Hip-Hop
0.0,0.0,6,-13.262,0,118.933,4,TRAMRBW12903CA654C,Hip-Hop
0.0,0.0,10,-6.583,0,100.364,4,TRAMWMT128F1453E62,Hip-Hop
0.0,0.0,2,-10.649,1,117.66,1,TRANCVS12903CDDC84,Hip-Hop
0.0,0.0,8,-5.191,1,97.454,4,TRANRYP128F9326AF9,Hip-Hop
0.0,0.0,5,-6.947,1,86.967,4,TRANUEV128F4282392,Hip-Hop
0.0,0.0,7,-4.043,1,147.327,4,TRANUTE128F148B17C,Hip-Hop
0.0,0.0,8,-5.333,0,69.313,7,TRAOHAH128F425CD57,Hip-Hop
0.0,0.0,0,-9.33,1,157.991,4,TRAOHHF128F426486F,Hip-Hop
0.0,0.0,6,-11.895,0,93.412,3,TRAOSDM128F93085C0,Hip-Hop
0.0,0.0,1,-4.628,1,50.51,1,TRAOZNT128F147089A,Hip-Hop
0.0,0.0,1,-4.41,0,160.071,4,TRAQCFH128F92FE30F,Hip-Hop
0.0,0.0,9,-6.472,1,102.91,4,TRAQIWL12903CF2A34,Hip-Hop
0.0,0.0,11,-7.722,0,129.986,4,TRAQMCF128F4247415,Hip-Hop
0.0,0.0,6,-6.866,1,180.823,4,TRAQRJO128F42B7B09,Hip-Hop
0.0,0.0,9,-5.263,1,106.825,4,TRAQZQX128F931338F,Hip-Hop
0.0,0.0,4,-3.353,0,174.731,4,TRARFOC128F92ED401,Hip-Hop
0.0,0.0,11,-7.687,1,88.12,5,TRARGTV128F4274FB6,Hip-Hop
0.0,0.0,1,-11.657,1,98.431,4,TRASCAU128E078FB37,Hip-Hop
0.0,0.0,10,-5.113,0,91.101,4,TRASJNR128F14795F7,Hip-Hop
0.0,0.0,7,-4.127,1,110.106,5,TRASRRC128F93318B2,Hip-Hop
0.0,0.0,8,-3.956,0,187.893,1,TRATBWU128F92CC612,Hip-Hop
0.0,0.0,0,-6.759,1,95.88,4,TRATHDF128F92FCD1A,Hip-Hop
0.0,0.0,10,-5.603,0,100.019,4,TRATIQJ128F92DFA28,Hip-Hop
0.0,0.0,2,-6.488,1,167.984,4,TRATKVK128F93668B8,Hip-Hop
0.0,0.0,6,-14.6,1,119.074,4,TRATRJL12903CAF484,Hip-Hop
0.0,0.0,4,-3.148,1,98.533,3,TRATVAI128F42281FE,Hip-Hop
0.0,0.0,6,-6.404,1,95.585,4,TRATXMS128EF340BEC,Hip-Hop
0.0,0.0,4,-13.57,0,231.264,7,TRAUCCU128EF342E18,Hip-Hop
0.0,0.0,1,-5.924,1,108.279,5,TRAUCRP128F931364D,Hip-Hop
0.0,0.0,6,-4.982,1,181.03,4,TRAUDNM12903CDEF32,Hip-Hop
0.0,0.0,6,-4.62,1,121.978,4,TRAUDWB128F9318EA4,Hip-Hop
0.0,0.0,1,-12.654,0,64.101,5,TRAUMIX12903CE640C,Hip-Hop
0.0,0.0,7,-28.603,1,215.0,3,TRAUSFP128F42A6BEE,Hip-Hop
0.0,0.0,3,-6.303,0,157.007,3,TRAVRTQ12903CC8AA3,Hip-Hop
0.0,0.0,6,-3.103,0,115.717,5,TRAVVEB128F934DD34,Hip-Hop
0.0,0.0,1,-4.612,1,85.263,4,TRAVWHZ128F932B179,Hip-Hop
0.0,0.0,7,-10.978,1,192.068,4,TRAWABG12903CC0F03,Hip-Hop
0.0,0.0,8,-6.043,1,154.076,4,TRAWFYF12903D054FB,Hip-Hop
0.0,0.0,8,-12.415,0,125.804,4,TRAWIXK12903CE8E34,Hip-Hop
0.0,0.0,4,-7.341,1,83.979,4,TRAWLSX128F425B803,Hip-Hop
0.0,0.0,1,-5.932,0,180.017,4,TRAWOBY128F931C18E,Hip-Hop
0.0,0.0,0,-11.531,0,148.017,4,TRAWOCK128F9300BC3,Hip-Hop
0.0,0.0,9,-5.407,0,93.991,4,TRAWTKN128F9334CA4,Hip-Hop
0.0,0.0,11,-5.652,0,156.833,5,TRAXWFZ128F9349D17,Hip-Hop
0.0,0.0,11,-8.329,1,90.997,4,TRAYIAM128F4247417,Hip-Hop
0.0,0.0,4,-8.216,0,104.666,1,TRAYLEA128F42B9487,Hip-Hop
0.0,0.0,2,-8.689,0,108.069,4,TRAYOQF128F930FF35,Hip-Hop
0.0,0.0,11,-5.804,1,91.981,4,TRAZQJC128F9353DA3,Hip-Hop
0.0,0.0,6,-19.67,1,110.064,4,TRBAAOC128F42A6BEA,Hip-Hop
0.0,0.0,7,-11.621,1,97.292,4,TRBABHR12903CBCE9C,Hip-Hop
0.0,0.0,11,-9.201,1,101.87,4,TRBADZM12903CBCEA0,Hip-Hop
0.0,0.0,0,-5.664,1,136.248,5,TRBAGIL128F425B801,Hip-Hop
0.0,0.0,1,-6.892,0,92.344,5,TRBANCJ128F42812AE,Hip-Hop
0.0,0.0,7,-5.716,1,77.56,4,TRBANPN128F148CC45,Hip-Hop
0.0,0.0,10,-6.671,0,96.042,4,TRBAOBO128F1456D66,Hip-Hop
0.0,0.0,11,-7.607,1,97.955,5,TRBBAIC12903D11771,Hip-Hop
0.0,0.0,0,-6.841,0,111.997,4,TRBBGUV128F92DFA21,Hip-Hop
0.0,0.0,4,-5.296,0,167.831,4,TRBBHQJ128F92CC610,Hip-Hop
0.0,0.0,2,-5.204,1,102.922,4,TRBBKTZ128F1456D67,Hip-Hop
0.0,0.0,11,-8.649,1,193.919,4,TRBBUBC128F148CBAA,Hip-Hop
0.0,0.0,0,-6.929,1,160.267,3,TRBBVAH128F4270300,Hip-Hop
0.0,0.0,7,-5.132,1,80.891,7,TRBCFLI128F429F370,Hip-Hop
0.0,0.0,2,-5.675,1,144.038,4,TRBCKYU12903CB5D10,Hip-Hop
0.0,0.0,7,-5.29,1,87.033,4,TRBCMHI128F148B17F,Hip-Hop
0.0,0.0,7,-3.949,1,90.473,4,TRBCQXJ128F9341051,Hip-Hop
0.0,0.0,8,-9.689,1,100.07,1,TRAAADZ128F9348C2E,Latin
0.0,0.0,9,-6.632,1,130.04,4,TRAABDL12903CAABBA,Latin
0.0,0.0,9,-9.512,1,189.646,3,TRAACZK128F4243829,Latin
0.0,0.0,7,-9.603,1,112.903,4,TRAAFMS128F933AB23,Latin
0.0,0.0,11,-8.133,1,106.049,1,TRAAGZU128EF360F47,Latin
0.0,0.0,5,-12.991,1,125.508,4,TRAAILM128F93480BB,Latin
0.0,0.0,9,-15.358,0,144.651,4,TRAAJSX128F4275A1D,Latin
0.0,0.0,5,-10.229,1,236.006,4,TRAAKQS128F4224DE1,Latin
0.0,0.0,0,-9.435,1,188.502,1,TRAAMZR128F9315DCC,Latin
0.0,0.0,5,-10.274,1,106.398,3,TRAATMY128F9334DAC,Latin
0.0,0.0,9,-12.385,0,97.76,4,TRAAUGZ128F9307F78,Latin
0.0,0.0,10,-15.574,0,137.673,7,TRAAYCQ128F425EE32,Latin
0.0,0.0,10,-12.708,1,146.061,4,TRABGQG128F4275A1E,Latin
0.0,0.0,10,-6.206,0,106.769,4,TRABMDN128F4222B61,Latin
0.0,0.0,5,-7.711,1,179.502,3,TRABNQN128F4271546,Latin
0.0,0.0,0,-9.718,1,85.878,5,TRABONG128EF36206F,Latin
0.0,0.0,10,-13.777,1,205.333,4,TRABPJN128F145DB70,Latin
0.0,0.0,11,-13.774,0,179.575,1,TRABPJW128F147295E,Latin
0.0,0.0,0,-9.846,1,132.858,4,TRABQEB128F4274D24,Latin
0.0,0.0,7,-7.951,0,182.168,4,TRABRMZ128F4261DED,Latin
0.0,0.0,5,-4.314,1,196.188,4,TRABTSM128F426AF07,Latin
0.0,0.0,7,-6.876,1,97.02,4,TRABUVN128F930633C,Latin
0.0,0.0,7,-5.799,1,197.458,4,TRABVAR128F421CFCB,Latin
0.0,0.0,0,-10.764,1,150.955,4,TRACCMH128F428E4CD,Latin
0.0,0.0,6,-7.769,0,135.982,4,TRACFXL128F930B28B,Latin
0.0,0.0,4,-18.713,0,105.813,4,TRACMJP128F9349362,Latin
0.0,0.0,0,-5.737,1,131.938,4,TRACMTI128EF342A56,Latin
0.0,0.0,2,-8.596,1,100.048,4,TRACNBU128F930EDBB,Latin
0.0,0.0,3,-8.077,1,129.354,1,TRACPYD128EF362285,Latin
0.0,0.0,6,-6.017,0,130.691,4,TRACVGF128F4277847,Latin
0.0,0.0,10,-19.376,0,123.049,4,TRACVWI12903CA6A82,Latin
0.0,0.0,2,-2.968,1,200.534,4,TRACYHQ12903CCE804,Latin
0.0,0.0,2,-14.409,1,139.685,4,TRACYOR128F427FB1D,Latin
0.0,0.0,0,-6.675,1,196.137,4,TRADABC128F4274FCC,Latin
0.0,0.0,5,-9.627,1,146.654,1,TRADDFC128F930EDBD,Latin
0.0,0.0,7,-6.107,1,127.803,4,TRADGLP128F427A172,Latin
0.0,0.0,3,-5.896,1,91.008,5,TRADJVN128F42AC93D,Latin
0.0,0.0,5,-5.129,1,93.961,3,TRADJYS128F9332E4A,Latin
0.0,0.0,4,-6.206,1,140.951,3,TRADKGG128EF34F5FB,Latin
0.0,0.0,9,-17.437,0,155.526,5,TRADLKP128F92EE50E,Latin
0.0,0.0,11,-3.593,1,99.995,4,TRADMAJ128F92F566E,Latin
0.0,0.0,4,-11.947,0,104.521,4,TRADTQJ128F9340624,Latin
0.0,0.0,0,-7.705,1,120.064,4,TRADYAX128F1475721,Latin
0.0,0.0,5,-10.623,0,224.247,7,TRADYIY128F147AA36,Latin
0.0,0.0,9,-16.136,0,105.025,4,TRADYJM128F427E05B,Latin
0.0,0.0,11,-7.123,1,158.007,4,TRAEFOU128F932105B,Latin
0.0,0.0,0,-8.888,1,98.063,4,TRAEHTT128F9303492,Latin
0.0,0.0,8,-7.787,1,189.758,4,TRAEHTU128F93353E5,Latin
0.0,0.0,10,-11.291,1,129.047,4,TRAENOH128F933978A,Latin
0.0,0.0,0,-17.958,1,197.038,4,TRAENOR128F14585F8,Latin
0.0,0.0,11,-13.805,0,179.587,1,TRAEQTU12903CC55A2,Latin
0.0,0.0,6,-6.574,1,108.009,4,TRAEQWJ12903CF5475,Latin
0.0,0.0,2,-12.209,1,115.781,4,TRAERFO128F1481BBE,Latin
0.0,0.0,1,-7.164,0,159.668,4,TRAEROM12903CB2814,Latin
0.0,0.0,9,-4.392,1,109.982,4,TRAESRT12903CC70CE,Latin
0.0,0.0,8,-15.605,1,89.848,1,TRAEYXM12903CF8B86,Latin
0.0,0.0,5,-9.89,1,91.488,4,TRAFATP128F424A9B7,Latin
0.0,0.0,4,-16.765,0,140.056,3,TRAFBPN128F428B8CF,Latin
0.0,0.0,0,-11.101,1,114.045,5,TRAFFCC128F9348D0D,Latin
0.0,0.0,5,-14.058,0,94.994,1,TRAFFIW128F4236391,Latin
0.0,0.0,6,-8.64,0,80.996,4,TRAFGKU128F42889EF,Latin
0.0,0.0,0,-8.285,1,130.513,3,TRAFHWP128F9333343,Latin
0.0,0.0,9,-4.678,0,113.966,4,TRAFIGU12903CC70C2,Latin
0.0,0.0,5,-5.184,1,216.196,7,TRAFJRJ128F932EC8C,Latin
0.0,0.0,4,-7.012,0,141.681,4,TRAFJVI128F428FA50,Latin
0.0,0.0,9,-7.345,1,151.869,5,TRAFJVT128F4235E2B,Latin
0.0,0.0,9,-13.422,0,84.895,4,TRAFMAA12903CF56C6,Latin
0.0,0.0,9,-12.008,0,86.006,5,TRAFQJK128F92F5EBE,Latin
0.0,0.0,0,-7.551,1,98.681,3,TRAFSKF128F145CC8C,Latin
0.0,0.0,4,-10.27,0,193.575,1,TRAFTMA128F933A3D7,Latin
0.0,0.0,11,-10.715,0,164.192,4,TRAGDDC128E0788279,Latin
0.0,0.0,5,-3.211,1,203.994,1,TRAGETA128F4272C38,Latin
0.0,0.0,2,-4.442,1,174.554,1,TRAGEXW128F427A405,Latin
0.0,0.0,2,-8.674,0,118.295,1,TRAGGXK12903CDA84B,Latin
0.0,0.0,7,-15.018,1,80.79,4,TRAGHKK128F93240D1,Latin
0.0,0.0,7,-11.378,0,163.519,7,TRAGLEQ128F934055A,Latin
0.0,0.0,9,-15.953,1,65.195,4,TRAGLFC12903CA6A5D,Latin
0.0,0.0,4,-12.421,1,98.082,5,TRAGLSM128F42253BF,Latin
0.0,0.0,0,-7.301,1,121.764,3,TRAGMXK128F9305A50,Latin
0.0,0.0,9,-16.21,0,118.239,4,TRAGVOE128F92FFDD2,Latin
0.0,0.0,7,-5.837,0,84.283,4,TRAGYKT128F92F5D8A,Latin
0.0,0.0,3,-6.752,1,91.584,7,TRAHAOP128F42AC92E,Latin
0.0,0.0,9,-10.601,1,109.518,4,TRAHCNT128EF360EFD,Latin
0.0,0.0,3,-16.397,1,148.748,4,TRAHDJK128F934281D,Latin
0.0,0.0,0,-6.213,1,124.008,4,TRAHEQC128F42153D6,Latin
0.0,0.0,0,-15.909,0,0.0,4,TRAHIRO128F93093A1,Latin
0.0,0.0,1,-8.704,0,84.631,5,TRAHJPC128F4268DC7,Latin
0.0,0.0,4,-8.361,0,128.502,3,TRAHLNJ128F4214527,Latin
0.0,0.0,11,-5.821,0,196.106,4,TRAHLVM128F9302BEE,Latin
0.0,0.0,2,-9.433,1,199.826,4,TRAHLVW128F426684F,Latin
0.0,0.0,9,-3.638,1,62.78,5,TRAHNKH128F93426EC,Latin
0.0,0.0,10,-12.665,0,104.709,4,TRAHOEP128F42591ED,Latin
0.0,0.0,10,-5.047,1,156.002,4,TRAHQHK128F4288FC7,Latin
0.0,0.0,2,-6.453,1,103.548,4,TRAHRQI128F422BF78,Latin
0.0,0.0,10,-6.845,0,88.578,5,TRAHSHQ128F4259072,Latin
0.0,0.0,3,-6.071,1,165.346,4,TRAHSWZ128F9332296,Latin
0.0,0.0,2,-9.437,1,84.81,4,TRAHUCB128F930E732,Latin
0.0,0.0,10,-13.718,1,198.118,1,TRAHWMN128F145DB77,Latin
0.0,0.0,1,-3.628,0,143.855,4,TRAHZFI128F92C21D6,Latin
0.0,0.0,9,-5.585,1,140.186,4,TRAIAIH128F9308AC7,Latin
0.0,0.0,7,-4.264,1,166.862,4,TRAACER128F4290F96,Metal
0.0,0.0,2,-6.2,0,193.693,4,TRAANLO128F422AE37,Metal
0.0,0.0,7,-6.694,1,94.057,4,TRAASUZ128F9314950,Metal
0.0,0.0,2,-3.937,1,89.78,4,TRAATIU128F4291A84,Metal
0.0,0.0,10,-5.912,1,160.022,3,TRAATNJ128F42631BA,Metal
0.0,0.0,3,-4.144,1,143.97,4,TRAAVIT128F92E657C,Metal
0.0,0.0,0,-2.315,1,188.924,4,TRABHVL128F92EFB0E,Metal
0.0,0.0,6,-3.536,0,150.086,4,TRABKJU128F422A7FE,Metal
0.0,0.0,0,-7.249,1,160.009,4,TRABPUI12903CF22CE,Metal
0.0,0.0,2,-6.762,1,90.027,4,TRABTXS128F92E2FDC,Metal
0.0,0.0,10,-7.803,0,176.066,3,TRABUYT128F93069C8,Metal
0.0,0.0,11,-7.31,1,120.703,4,TRACALZ12903CDCFBB,Metal
0.0,0.0,5,-3.306,1,173.205,5,TRACCVZ128F4291A8A,Metal
0.0,0.0,9,-2.599,0,200.061,4,TRACMHD128F931FB14,Metal
0.0,0.0,7,-4.238,1,150.11,4,TRACOHQ128F424C5EF,Metal
0.0,0.0,1,-4.059,1,85.112,1,TRACULD128F935A67B,Metal
0.0,0.0,9,-5.516,1,201.333,4,TRACYDP128F932BC8E,Metal
0.0,0.0,4,-5.563,0,149.948,4,TRACZUC128F92F0337,Metal
0.0,0.0,3,-3.258,1,111.504,4,TRADFII128F931FC9F,Metal
0.0,0.0,2,-14.04,1,129.626,4,TRADFLD12903CB3BD8,Metal
0.0,0.0,11,-9.96,0,186.159,4,TRADHLI128F428FEFD,Metal
0.0,0.0,4,-6.163,1,124.078,3,TRADJHU128F425459F,Metal
0.0,0.0,2,-11.31,1,97.916,7,TRADKEU12903CF1540,Metal
0.0,0.0,3,-6.465,0,100.331,7,TRADUOU12903CF4323,Metal
0.0,0.0,3,-9.213,1,98.763,4,TRAEJXI128F4291A83,Metal
0.0,0.0,1,-3.492,1,169.237,4,TRAEOOH128F934ACD4,Metal
0.0,0.0,11,-6.338,0,160.783,4,TRAEPZJ12903CB00C4,Metal
0.0,0.0,7,-6.51,1,150.012,4,TRAFABO128F933DE53,Metal
0.0,0.0,5,-8.966,0,139.972,4,TRAFFEQ12903CF4356,Metal
0.0,0.0,10,-5.145,0,153.211,7,TRAFTFF128F930F77C,Metal
0.0,0.0,8,-7.51,1,200.199,4,TRAFUWI128F934C730,Metal
0.0,0.0,11,-6.407,1,91.498,3,TRAGEQI128F429154D,Metal
0.0,0.0,0,-7.078,1,110.897,7,TRAGKUI128F92F4698,Metal
0.0,0.0,9,-4.029,1,93.458,1,TRAGSJQ128F149EF8D,Metal
0.0,0.0,2,-10.012,0,128.961,3,TRAHUZS12903C9D9DD,Metal
0.0,0.0,5,-12.685,1,149.971,4,TRAIIXC128F92EA806,Metal
0.0,0.0,7,-7.499,1,235.337,1,TRAIPAB128F42626AE,Metal
0.0,0.0,0,-5.663,1,198.016,4,TRAIQUG128F92F946E,Metal
0.0,0.0,11,-5.827,0,105.05,1,TRAIUPS128F92F2825,Metal
0.0,0.0,11,-4.367,0,110.018,4,TRAIUSY12903CF0C92,Metal
0.0,0.0,0,-14.481,0,111.127,3,TRAIVFK128F932C825,Metal
0.0,0.0,2,-7.628,1,145.997,1,TRAJAZP128F4290FF9,Metal
0.0,0.0,3,-4.136,0,120.022,4,TRAJFCB128F427FE87,Metal
0.0,0.0,1,-3.492,1,110.107,4,TRAJFYK128F42579B0,Metal
0.0,0.0,10,-7.422,1,112.063,3,TRAJHDR128F92FA863,Metal
0.0,0.0,1,-3.373,1,156.924,4,TRALHMS128F930C08C,Metal
0.0,0.0,7,-5.983,1,166.03,4,TRALPGW12903CAFFB5,Metal
0.0,0.0,7,-5.559,0,97.073,1,TRAMFHI12903CB4349,Metal
0.0,0.0,7,-5.071,1,77.399,4,TRAMPWN128F934C221,Metal
0.0,0.0,2,-5.461,1,124.037,4,TRAMTFQ128F9352EDB,Metal
0.0,0.0,4,-7.866,1,164.171,4,TRANBMY128F426416A,Metal
0.0,0.0,4,-13.702,0,140.638,3,TRANHQG12903CF5C15,Metal
0.0,0.0,9,-5.921,1,78.006,5,TRANJGM128F427A41B,Metal
0.0,0.0,8,-2.735,1,129.829,4,TRANPWV128F9341281,Metal
0.0,0.0,9,-5.028,0,121.949,4,TRANULO128F422E6FE,Metal
0.0,0.0,2,-2.339,1,145.882,4,TRANWBG128F934AC15,Metal
0.0,0.0,4,-6.499,1,89.997,3,TRANXBO128F428CB28,Metal
0.0,0.0,0,-3.568,1,112.77,4,TRAOJMY128E07836D9,Metal
0.0,0.0,11,-6.952,0,86.5,4,TRAOPRY12903CDD3E0,Metal
0.0,0.0,6,-3.134,0,105.54,4,TRAPCHT128F4239830,Metal
0.0,0.0,2,-4.757,0,85.061,4,TRAPDQG128F93018C0,Metal
0.0,0.0,9,-5.225,0,87.643,5,TRAPQBU128F934C32D,Metal
0.0,0.0,0,-4.167,1,131.191,4,TRAPZQI128F428CF18,Metal
0.0,0.0,2,-4.146,1,156.261,4,TRAQEUQ128F425282E,Metal
0.0,0.0,6,-4.563,0,227.25,4,TRAQMNB12903CDD58F,Metal
0.0,0.0,2,-8.294,0,167.504,3,TRAQTOS128F428E94B,Metal
0.0,0.0,4,-6.769,0,163.086,4,TRARSAM128F4256E04,Metal
0.0,0.0,9,-4.627,1,97.265,3,TRARTSA128F4291550,Metal
0.0,0.0,0,-4.076,0,84.992,4,TRARUOP12903CF2384,Metal
0.0,0.0,2,-5.067,1,108.039,4,TRASBZK128F42692CA,Metal
0.0,0.0,7,-4.516,1,150.05,4,TRATGQO128F421B850,Metal
0.0,0.0,7,-8.068,1,171.613,1,TRATGRG128F145310B,Metal
0.0,0.0,7,-6.003,0,96.711,4,TRATIAH128F426B422,Metal
0.0,0.0,2,-5.73,1,180.06,4,TRAULEG128F92F035B,Metal
0.0,0.0,2,-5.255,0,117.593,4,TRAULOO12903CF47B6,Metal
0.0,0.0,5,-4.657,1,78.959,3,TRAULTS128F931290B,Metal
0.0,0.0,8,-5.958,0,229.864,1,TRAUWWP12903CC79CB,Metal
0.0,0.0,4,-4.384,0,92.608,4,TRAUXEL128F42683D5,Metal
0.0,0.0,7,-14.811,0,110.06,3,TRAVADZ12903CA4D29,Metal
0.0,0.0,2,-3.944,0,88.336,4,TRAVCNA128F930975C,Metal
0.0,0.0,8,-9.531,0,130.677,4,TRAVGNH128F428CBA9,Metal
0.0,0.0,11,-3.282,0,113.957,3,TRAVNST128F422EBD2,Metal
0.0,0.0,1,-5.437,0,113.746,4,TRAVYXL128EF34722F,Metal
0.0,0.0,3,-10.351,1,79.952,7,TRAWGKB128F4268327,Metal
0.0,0.0,8,-3.217,1,198.464,4,TRAWOUA128F14AE2E7,Metal
0.0,0.0,10,-5.511,1,107.485,1,TRAXIYW12903CB4343,Metal
0.0,0.0,7,-2.908,1,120.907,1,TRAXOQD12903CDD59D,Metal
0.0,0.0,7,-5.225,1,179.832,1,TRAXTAU128F930A7EF,Metal
0.0,0.0,6,-3.779,0,200.06,4,TRAYGQU128F934B4F5,Metal
0.0,0.0,4,-3.862,1,158.976,4,TRAYKZI128F932B9E8,Metal
0.0,0.0,3,-3.869,0,97.687,4,TRAYLRS128F427FE81,Metal
0.0,0.0,8,-3.884,1,110.631,4,TRAYOQI128F92F0967,Metal
0.0,0.0,9,-12.422,1,80.624,5,TRAYQSZ12903CDCFCB,Metal
0.0,0.0,7,-7.317,0,104.186,3,TRAZWTT128F935AA16,Metal
0.0,0.0,9,-8.38,1,145.883,7,TRAZYQU128F934AC32,Metal
0.0,0.0,3,-6.664,1,165.908,4,TRBAHJW128F92CC8B4,Metal
0.0,0.0,2,-7.736,0,194.238,1,TRBAISB12903CF1054,Metal
0.0,0.0,7,-4.757,0,165.204,3,TRBAMIO128F935AA21,Metal
0.0,0.0,10,-5.061,1,95.035,4,TRBANZN12903CA2CE7,Metal
0.0,0.0,2,-5.903,1,159.886,4,TRBBDPA12903CCCA06,Metal
0.0,0.0,9,-8.531,1,180.149,4,TRAAEEH128E0795DFE,Pop
0.0,0.0,0,-6.629,1,84.164,4,TRAAEMJ128F425A917,Pop
0.0,0.0,11,-4.882,0,105.206,4,TRAAGCZ128F93210FD,Pop
0.0,0.0,9,-9.091,1,129.122,1,TRAAGJV128F1464090,Pop
0.0,0.0,9,-11.215,0,84.69,5,TRAAGPH128F4273C8D,Pop
0.0,0.0,4,-12.004,1,85.621,4,TRAAHMO128F92DE7C9,Pop
0.0,0.0,10,-5.152,0,100.023,4,TRAAKDG128F42A0ECB,Pop
0.0,0.0,0,-15.351,1,99.408,4,TRAAMYQ128F148B753,Pop
0.0,0.0,2,-7.672,1,111.079,4,TRAAOXM12903CFB3B0,Pop
0.0,0.0,9,-5.871,1,156.097,4,TRAAQCK128F92E8C33,Pop
0.0,0.0,0,-6.531,1,125.975,4,TRAASFP128F42980BD,Pop
0.0,0.0,9,-8.91,1,97.099,4,TRAASKO128F427CE1C,Pop
0.0,0.0,7,-4.376,1,124.009,4,TRAASZE128F93499AE,Pop
0.0,0.0,4,-4.332,1,82.205,4,TRAAWOR128F92DF3C8,Pop
0.0,0.0,0,-9.79,1,68.283,4,TRAAYGH128F92ECD16,Pop
0.0,0.0,7,-7.928,1,196.034,4,TRAAZIE128F427961E,Pop
0.0,0.0,0,-5.12,1,112.787,4,TRABAFJ128F42AF24E,Pop
0.0,0.0,9,-11.255,1,97.538,4,TRABBXU128F92FEF48,Pop
0.0,0.0,1,-4.169,1,113.995,4,TRABCUQ128E0783E2B,Pop
0.0,0.0,4,-9.448,0,76.013,3,TRABDZC128F42AC23F,Pop
0.0,0.0,0,-7.467,1,163.97,4,TRABGYI128F428EDC5,Pop
0.0,0.0,7,-7.693,1,104.307,3,TRABHNS128F93125B5,Pop
0.0,0.0,2,-7.458,1,103.29,4,TRABJQN128F9361E4C,Pop
0.0,0.0,6,-7.834,1,117.984,4,TRABKUJ128F4292445,Pop
0.0,0.0,5,-7.188,0,150.066,4,TRABOXX128F92F29EB,Pop
0.0,0.0,7,-3.235,1,86.62,4,TRABPGO128F931B50C,Pop
0.0,0.0,4,-19.976,1,115.066,1,TRABQZK128F92F54F4,Pop
0.0,0.0,7,-7.315,1,200.716,1,TRABRMJ128E0780E42,Pop
0.0,0.0,0,-6.282,1,80.484,4,TRABUHH12903CA9F20,Pop
0.0,0.0,8,-9.56,1,91.704,4,TRABXLH128F935F8E7,Pop
0.0,0.0,9,-5.953,1,135.914,4,TRACAKD128F92D5D38,Pop
0.0,0.0,7,-8.525,1,125.995,5,TRACAQW128F428E2B7,Pop
0.0,0.0,0,-20.193,1,95.179,3,TRACBBV12903CB9BF8,Pop
0.0,0.0,0,-4.134,1,167.954,1,TRACFDC128F147F1C6,Pop
0.0,0.0,11,-8.726,0,94.777,4,TRACGXQ128F1457F81,Pop
0.0,0.0,0,-14.711,0,77.5,5,TRACIOB128F4296D0F,Pop
0.0,0.0,4,-6.774,0,152.214,3,TRACKAP128F425B741,Pop
0.0,0.0,0,-13.637,0,107.087,4,TRACKKI128F930CA83,Pop
0.0,0.0,6,-6.518,1,80.979,4,TRACSIE128F427F98E,Pop
0.0,0.0,4,-11.258,0,88.018,5,TRACXYU128F425EEE8,Pop
0.0,0.0,10,-5.304,0,111.004,4,TRACYCJ128F9309246,Pop
0.0,0.0,1,-7.123,0,153.055,4,TRADAOM128F4263A78,Pop
0.0,0.0,7,-5.16,1,128.217,4,TRADBSW128F933A7A8,Pop
0.0,0.0,11,-4.465,0,128.092,4,TRADDXS12903CEDB38,Pop
0.0,0.0,2,-9.528,0,77.977,3,TRADFCO12903CA9439,Pop
0.0,0.0,1,-10.621,1,38.644,4,TRADHRX12903CD3866,Pop
0.0,0.0,11,-13.163,0,62.894,1,TRADLBJ128F423A031,Pop
0.0,0.0,1,-15.55,1,95.301,4,TRADOXP128F145C13A,Pop
0.0,0.0,5,-10.175,1,137.342,4,TRADRJK128E078F041,Pop
0.0,0.0,0,-5.243,0,137.935,4,TRADTOV12903CA9E74,Pop
0.0,0.0,7,-7.564,1,127.923,4,TRADTXQ128F9331913,Pop
0.0,0.0,1,-4.165,0,138.364,1,TRADVGV128F42BCACE,Pop
0.0,0.0,6,-6.069,1,101.059,4,TRADXNV128F42B4DFE,Pop
0.0,0.0,0,-5.721,1,122.484,4,TRADZYD128E078BE45,Pop
0.0,0.0,6,-12.1,1,119.683,3,TRAEASY128F148247C,Pop
0.0,0.0,5,-5.704,0,128.077,4,TRAEBXE128F933B4F5,Pop
0.0,0.0,6,-4.947,0,106.919,4,TRAEBXS128F429933A,Pop
0.0,0.0,0,-3.738,0,85.331,3,TRAECBR128F429F8C0,Pop
0.0,0.0,7,-9.76,1,172.061,7,TRAEFPN128F930BD07,Pop
0.0,0.0,3,-14.403,1,80.999,7,TRAEGAZ128F426240C,Pop
0.0,0.0,9,-5.343,1,147.886,4,TRAEHMP128F92DCC42,Pop
0.0,0.0,9,-13.551,1,117.316,4,TRAELRO128F92DD2F1,Pop
0.0,0.0,10,-15.406,0,89.394,4,TRAEMGL128F4266177,Pop
0.0,0.0,0,-11.106,1,105.459,1,TRAETPQ128F92E562A,Pop
0.0,0.0,11,-5.612,0,149.591,4,TRAETYC128F933BBF4,Pop
0.0,0.0,0,-8.238,1,123.943,4,TRAEVRI128F93608F3,Pop
0.0,0.0,10,-6.209,0,220.031,4,TRAEWLF128F42B1F89,Pop
0.0,0.0,5,-9.035,1,110.768,4,TRAEXTM128E07811E1,Pop
0.0,0.0,10,-3.198,1,142.946,5,TRAEZFJ128F422A5C0,Pop
0.0,0.0,1,-9.429,1,99.059,4,TRAFHRS128F14599C0,Pop
0.0,0.0,0,-15.712,1,103.621,4,TRAFNAH128F42A400D,Pop
0.0,0.0,7,-2.713,0,142.895,4,TRAFNJM128F933D6DB,Pop
0.0,0.0,7,-8.7,1,86.971,4,TRAFTCT128F425A900,Pop
0.0,0.0,4,-14.562,1,59.983,4,TRAFTOE12903CF3F5E,Pop
0.0,0.0,2,-7.817,1,145.323,4,TRAFWMO128F92E8216,Pop
0.0,0.0,4,-9.224,0,134.552,4,TRAFYAV128F42ACA8C,Pop
0.0,0.0,5,-4.357,0,124.973,4,TRAFYGA128F425A92C,Pop
0.0,0.0,10,-10.587,0,106.58,1,TRAFYRO128F42ACFC7,Pop
0.0,0.0,10,-8.183,1,127.844,4,TRAGAPY128F92F5DDE,Pop
0.0,0.0,8,-5.659,1,119.976,4,TRAGEFB128F92C6CA9,Pop
0.0,0.0,4,-20.142,0,122.709,4,TRAGKMU128F9305831,Pop
0.0,0.0,7,-8.086,1,105.994,4,TRAGLFE128F428566B,Pop
0.0,0.0,0,-8.518,1,115.954,1,TRAGPZS128F9332248,Pop
0.0,0.0,1,-3.246,1,116.04,4,TRAGSQU128F145693D,Pop
0.0,0.0,0,-4.772,1,118.055,4,TRAGWKV128F92C316A,Pop
0.0,0.0,0,-10.084,1,130.042,4,TRAGZCW128EF34B85B,Pop
0.0,0.0,1,-6.949,0,101.004,4,TRAGZOK128F14ADF45,Pop
0.0,0.0,2,-9.6,1,111.555,4,TRAHBMV12903D0553D,Pop
0.0,0.0,2,-19.052,1,125.361,1,TRAHGHP128F9305799,Pop
0.0,0.0,6,-5.98,0,122.988,4,TRAHHMV12903CD0B0D,Pop
0.0,0.0,7,-7.293,1,116.122,4,TRAHIXN128F147F25D,Pop
0.0,0.0,6,-5.939,0,107.199,4,TRAHKLC12903CC632E,Pop
0.0,0.0,4,-12.054,1,85.652,1,TRAHKOY128F9304B8F,Pop
0.0,0.0,10,-6.779,0,111.132,4,TRAHLDG128F92EB4A9,Pop
0.0,0.0,2,-4.993,1,160.051,4,TRAHORF12903CDA9FB,Pop
0.0,0.0,0,-7.016,1,105.157,3,TRAHOSA128EF34B865,Pop
0.0,0.0,2,-14.658,1,100.312,3,TRAHRJN128F42ACA90,Pop
0.0,0.0,2,-4.925,1,93.156,4,TRAHZMM128E07838FF,Pop
0.0,0.0,10,-8.789,1,148.633,1,TRAIGSC128F933BBD7,Pop
0.0,0.0,1,-7.98,1,110.28,4,TRAIHFF128EF351817,Pop
0.0,0.0,5,-10.021,0,146.765,1,TRAAAVO128F93133D4,Pop_Rock
0.0,0.0,7,-6.787,1,138.331,4,TRAABXG128F9318EBD,Pop_Rock
0.0,0.0,11,-8.514,1,110.382,1,TRAABYW128F4244559,Pop_Rock
0.0,0.0,8,-18.051,1,95.957,3,TRAACOW128F933E35F,Pop_Rock
0.0,0.0,10,-10.922,1,130.1,1,TRAACSL128F93462F4,Pop_Rock
0.0,0.0,1,-6.222,1,174.287,3,TRAAEUB12903CDD3EA,Pop_Rock
0.0,0.0,7,-8.488,1,110.787,3,TRAAFKJ12903D02552,Pop_Rock
0.0,0.0,9,-11.051,0,89.867,4,TRAAGKS128F9314884,Pop_Rock
0.0,0.0,2,-5.758,1,86.938,4,TRAAGVM128E0784D95,Pop_Rock
0.0,0.0,0,-5.913,0,119.979,4,TRAAJEK128F422F55A,Pop_Rock
0.0,0.0,7,-12.28,1,122.967,4,TRAALEO128F42A7AEA,Pop_Rock
0.0,0.0,9,-9.748,1,142.024,4,TRAALHD12903D0BD6A,Pop_Rock
0.0,0.0,7,-5.884,0,118.433,4,TRAAMFT128F93128AD,Pop_Rock
0.0,0.0,11,-6.929,1,96.007,4,TRAAMGJ12903CD315C,Pop_Rock
0.0,0.0,11,-4.793,1,133.729,1,TRAANBH128F9345A6C,Pop_Rock
0.0,0.0,6,-6.885,1,146.577,5,TRAAPCC128F42519A7,Pop_Rock
0.0,0.0,9,-6.788,1,95.882,4,TRAAQPS128F429161D,Pop_Rock
0.0,0.0,9,-12.658,1,90.908,3,TRAAQZQ128EF35C51A,Pop_Rock
0.0,0.0,6,-12.99,1,101.229,4,TRAASDM12903CD474E,Pop_Rock
0.0,0.0,3,-7.614,1,134.083,4,TRAATMY128F149562F,Pop_Rock
0.0,0.0,11,-6.582,0,68.734,4,TRAAUMN128F4273561,Pop_Rock
0.0,0.0,2,-1.998,1,108.499,4,TRAAVOU128F422F292,Pop_Rock
0.0,0.0,11,-7.901,0,193.978,4,TRAAVRJ128F92FF90A,Pop_Rock
0.0,0.0,1,-10.7,1,210.8,7,TRAAWGY128F4298A09,Pop_Rock
0.0,0.0,2,-21.787,1,109.671,5,TRAAXKI128F92DAC1B,Pop_Rock
0.0,0.0,5,-8.901,1,85.157,4,TRAAYPN128F9340DDF,Pop_Rock
0.0,0.0,9,-8.632,1,122.174,4,TRAAZOZ12903C9CABF,Pop_Rock
0.0,0.0,5,-22.289,1,74.072,1,TRABAWW128F4250A31,Pop_Rock
0.0,0.0,3,-8.372,0,98.11,4,TRABBAM128F429D223,Pop_Rock
0.0,0.0,4,-6.358,0,81.319,3,TRABBKX128F4285205,Pop_Rock
0.0,0.0,9,-4.954,1,129.122,4,TRABBOP128F931B50D,Pop_Rock
0.0,0.0,9,-6.301,1,105.003,4,TRABCIX128F4265903,Pop_Rock
0.0,0.0,10,-14.041,0,111.032,3,TRABCYE128F934CE1D,Pop_Rock
0.0,0.0,2,-5.537,1,202.233,4,TRABEBP12903C9BA03,Pop_Rock
0.0,0.0,5,-17.16,0,116.819,3,TRABEFN128F92D925B,Pop_Rock
0.0,0.0,5,-4.053,1,124.872,1,TRABEKF128F42765FF,Pop_Rock
0.0,0.0,7,-10.968,1,100.621,1,TRABERS128F4247FE1,Pop_Rock
0.0,0.0,2,-2.704,1,123.695,4,TRABFYT128F9339BA6,Pop_Rock
0.0,0.0,9,-7.812,1,140.872,4,TRABGIJ128F92F5EC8,Pop_Rock
0.0,0.0,9,-5.893,0,126.806,4,TRABHCE128F426361B,Pop_Rock
0.0,0.0,0,-11.26,1,128.689,4,TRABIKX128F930CE4F,Pop_Rock
0.0,0.0,11,-3.573,0,140.026,4,TRABIOI12903CD8B9B,Pop_Rock
0.0,0.0,8,-3.319,0,153.551,4,TRABKZZ128F426A87F,Pop_Rock
0.0,0.0,11,-4.941,1,90.636,4,TRABLQE128F92E5E75,Pop_Rock
0.0,0.0,0,-5.653,1,95.655,4,TRABLVP128F426EE4A,Pop_Rock
0.0,0.0,2,-11.661,1,100.15,1,TRABMYD128F428BD38,Pop_Rock
0.0,0.0,0,-3.806,0,85.771,4,TRABMZZ128F4249C60,Pop_Rock
0.0,0.0,5,-6.481,1,140.259,4,TRABNDD128F933D3C7,Pop_Rock
0.0,0.0,9,-5.68,0,106.438,1,TRABNIP12903CB604F,Pop_Rock
0.0,0.0,2,-9.899,0,113.058,1,TRABPCM128F1473A75,Pop_Rock
0.0,0.0,0,-7.114,1,134.051,4,TRABPKX128F14938FE,Pop_Rock
0.0,0.0,9,-6.435,1,200.169,3,TRABQII12903CDBAFE,Pop_Rock
0.0,0.0,0,-11.97,1,122.113,4,TRABQOW128F429AAF8,Pop_Rock
0.0,0.0,5,-7.401,1,103.936,1,TRABQVM128F92F7544,Pop_Rock
0.0,0.0,4,-6.883,0,135.072,4,TRABSEN128F424AA36,Pop_Rock
0.0,0.0,9,-12.677,1,178.725,1,TRABSZH128F428D89E,Pop_Rock
0.0,0.0,4,-3.017,0,126.938,4,TRABUGO128F424E920,Pop_Rock
0.0,0.0,5,-13.876,1,90.18,3,TRABURP128F145D5DC,Pop_Rock
0.0,0.0,2,-14.934,0,179.13,4,TRABUTS128F424416F,Pop_Rock
0.0,0.0,1,-3.028,1,167.486,4,TRABVIZ128F42BA066,Pop_Rock
0.0,0.0,2,-6.464,1,117.329,4,TRABVLV128EF354D20,Pop_Rock
0.0,0.0,4,-16.357,1,104.823,3,TRABXHC128F4250CCE,Pop_Rock
0.0,0.0,7,-14.489,1,117.454,4,TRABYYZ128F932EB6C,Pop_Rock
0.0,0.0,1,-6.446,1,126.14,4,TRABZPI12903CEB0EC,Pop_Rock
0.0,0.0,0,-10.362,1,113.082,4,TRACAPS128F92F014C,Pop_Rock
0.0,0.0,5,-7.7,0,145.949,4,TRACARQ128F933B5CD,Pop_Rock
0.0,0.0,2,-8.521,1,121.981,4,TRACAYI128F4235122,Pop_Rock
0.0,0.0,9,-13.607,1,112.071,4,TRACBRM128F425C2C3,Pop_Rock
0.0,0.0,10,-9.883,0,108.917,1,TRACBSI128F428CC57,Pop_Rock
0.0,0.0,0,-12.743,1,106.742,4,TRACCEJ128F93257ED,Pop_Rock
0.0,0.0,2,-10.653,1,173.841,3,TRACCQM12903CACC1E,Pop_Rock
0.0,0.0,7,-7.071,1,172.716,1,TRACETS128F9313A75,Pop_Rock
0.0,0.0,0,-6.076,1,85.316,5,TRACFHZ128F4227BA4,Pop_Rock
0.0,0.0,1,-17.91,1,88.761,1,TRACFNG128F146A7F3,Pop_Rock
0.0,0.0,4,-8.57,0,133.925,4,TRACHTD128F92EE238,Pop_Rock
0.0,0.0,6,-5.025,1,157.909,4,TRACJHJ128F1489FAB,Pop_Rock
0.0,0.0,0,-8.506,1,180.129,3,TRACJVT12903CB0F49,Pop_Rock
0.0,0.0,2,-2.999,1,102.165,4,TRACKVM128F4275B6E,Pop_Rock
0.0,0.0,8,-11.484,1,151.882,4,TRACKVZ128F4285793,Pop_Rock
0.0,0.0,7,-12.436,1,109.051,4,TRACLDF128F423C337,Pop_Rock
0.0,0.0,4,-3.973,0,100.604,4,TRACMCG128F92CE225,Pop_Rock
0.0,0.0,1,-5.614,0,100.173,4,TRACMHS128F148F509,Pop_Rock
0.0,0.0,4,-1.479,0,76.986,3,TRACMMG128F146D705,Pop_Rock
0.0,0.0,8,-2.397,0,114.061,7,TRACNVF128F428EA87,Pop_Rock
0.0,0.0,2,-11.216,1,138.028,4,TRACOAF128F145D996,Pop_Rock
0.0,0.0,3,-11.508,1,110.323,3,TRACOIZ128F933E368,Pop_Rock
0.0,0.0,7,-3.487,1,130.716,1,TRACPIC128E0792500,Pop_Rock
0.0,0.0,4,-4.732,0,120.052,4,TRACPRG12903CB8E83,Pop_Rock
0.0,0.0,3,-6.654,1,96.024,4,TRACROV128F92F6D6F,Pop_Rock
0.0,0.0,6,-11.786,1,112.081,4,TRACRRO128F92F34B9,Pop_Rock
0.0,0.0,6,-2.932,1,108.831,4,TRACRVJ128F14661D6,Pop_Rock
0.0,0.0,9,-5.993,1,200.375,5,TRACTBH128F422F31B,Pop_Rock
0.0,0.0,7,-4.568,1,106.724,3,TRACUJR12903CA4D39,Pop_Rock
0.0,0.0,7,-3.049,1,93.235,1,TRACUMR128F932C675,Pop_Rock
0.0,0.0,2,-17.057,1,116.423,3,TRACWCG128F9344150,Pop_Rock
0.0,0.0,2,-3.287,1,115.606,4,TRACWFA128F4265BDF,Pop_Rock
0.0,0.0,9,-10.037,1,194.704,3,TRACWRW12903CC3CA2,Pop_Rock
0.0,0.0,1,-2.769,1,140.994,4,TRACYMH12903CA01DF,Pop_Rock
0.0,0.0,8,-8.059,1,129.488,5,TRACYPF128F9338DE0,Pop_Rock
0.0,0.0,10,-4.854,0,124.534,4,TRACZDY128F92EE2F1,Pop_Rock
0.0,0.0,1,-11.197,0,92.198,4,TRAAAAW128F429D538,Rap
0.0,0.0,1,-17.302,1,111.787,1,TRAAAMQ128F1460CD3,Rap
0.0,0.0,1,-10.296,0,85.008,5,TRAAHEG128E07861C3,Rap
0.0,0.0,11,-8.709,0,175.769,4,TRAAHZP12903CA25F4,Rap
0.0,0.0,5,-6.019,1,188.886,4,TRAAJJA12903CC518A,Rap
0.0,0.0,9,-4.198,1,187.807,4,TRAAMII128F933B583,Rap
0.0,0.0,7,-6.998,0,181.115,4,TRAAMJY128F92F5919,Rap
0.0,0.0,6,-6.258,1,155.038,4,TRAAQIH128F428BDEA,Rap
0.0,0.0,8,-6.021,1,88.835,4,TRAATWQ12903CC5BA8,Rap
0.0,0.0,1,-12.75,1,119.67,4,TRAAVAH128F4284D7C,Rap
0.0,0.0,6,-5.947,0,80.149,4,TRAAZBD128F427A97D,Rap
0.0,0.0,4,-8.422,0,106.689,1,TRABACN128F425B784,Rap
0.0,0.0,1,-6.318,1,185.88,4,TRABDTV128E0791839,Rap
0.0,0.0,9,-5.165,0,120.001,4,TRABGMB12903CF50FE,Rap
0.0,0.0,4,-5.797,0,174.019,4,TRABGUU128F4227C0A,Rap
0.0,0.0,6,-10.231,1,87.634,4,TRABIJJ128F426A1C1,Rap
0.0,0.0,4,-6.022,1,167.909,4,TRABYVN128F429E5CF,Rap
0.0,0.0,9,-5.724,1,101.167,1,TRACCKS128F42B77AE,Rap
0.0,0.0,1,-9.035,1,93.056,4,TRACCSW128F148C7C3,Rap
0.0,0.0,10,-7.974,1,106.769,4,TRACFAP128E07862C1,Rap
0.0,0.0,11,-1.622,1,88.043,4,TRACFYQ128E0784150,Rap
0.0,0.0,11,-8.225,1,165.546,3,TRACHHH128E0788A35,Rap
0.0,0.0,1,-4.853,0,91.101,4,TRACQIR128F42BAA06,Rap
0.0,0.0,10,-4.982,0,181.889,4,TRACVTK128F4288966,Rap
0.0,0.0,7,-4.394,1,200.079,4,TRADBUP128EF354F6C,Rap
0.0,0.0,1,-5.869,1,100.694,4,TRADCHC128F42134B5,Rap
0.0,0.0,5,-3.947,1,183.58,1,TRADCIM128F427A3A1,Rap
0.0,0.0,10,-3.741,0,93.978,4,TRADCRW128E078FA33,Rap
0.0,0.0,10,-4.678,0,167.878,4,TRADEYR12903CC488D,Rap
0.0,0.0,9,-6.61,1,115.139,5,TRADJGU128F42A6C00,Rap
0.0,0.0,10,-5.716,0,76.166,5,TRADMGC128F9306CC9,Rap
0.0,0.0,7,-5.227,1,166.037,4,TRADMUH128F146D3CD,Rap
0.0,0.0,1,-2.844,1,85.366,4,TRADNGD128E0780F88,Rap
0.0,0.0,6,-5.627,0,103.433,4,TRADODV128F4283EB6,Rap
0.0,0.0,7,-5.871,1,93.988,4,TRADQAW128F4274A4F,Rap
0.0,0.0,6,-3.38,0,95.464,4,TRADRNN128F92F7172,Rap
0.0,0.0,7,-9.839,1,131.784,4,TRADTQK12903CB67C9,Rap
0.0,0.0,2,-8.328,0,94.905,4,TRADXMA128F4276D94,Rap
0.0,0.0,2,-9.495,1,99.566,4,TRAEBSY128E07873C0,Rap
0.0,0.0,5,-6.855,1,104.783,4,TRAEDYD128F425A868,Rap
0.0,0.0,0,-8.792,1,0.0,0,TRAEGRR128F422285F,Rap
0.0,0.0,11,-11.601,1,188.947,5,TRAEJIW12903CE0B99,Rap
0.0,0.0,3,-6.453,0,144.067,4,TRAEQLX128F1468799,Rap
0.0,0.0,4,-2.45,0,124.022,4,TRAERAC128F92E0186,Rap
0.0,0.0,0,-5.92,1,86.007,4,TRAESJK128E0792227,Rap
0.0,0.0,6,-6.265,1,197.152,4,TRAETGI12903CBCC00,Rap
0.0,0.0,7,-7.359,1,87.005,4,TRAEVKG12903CE75F4,Rap
0.0,0.0,2,-5.19,0,98.0,4,TRAFAEO128F92E9A19,Rap
0.0,0.0,1,-5.73,1,109.072,5,TRAFHJI128F9302CFF,Rap
0.0,0.0,6,-6.57,0,106.435,4,TRAFJVH128F42BC25E,Rap
0.0,0.0,1,-8.15,0,179.831,4,TRAFKSA128F930F4FA,Rap
0.0,0.0,4,-5.958,1,92.998,5,TRAFLMU128F4274A4D,Rap
0.0,0.0,6,-6.72,1,170.081,5,TRAFOKY128F4276D91,Rap
0.0,0.0,2,-12.439,1,168.935,4,TRAFQEG128F92FC332,Rap
0.0,0.0,7,-2.973,1,174.69,4,TRAFQFM128E078EC97,Rap
0.0,0.0,1,-13.149,1,146.852,3,TRAFZKY128EF36588B,Rap
0.0,0.0,9,-5.893,1,160.158,4,TRAGACV128F1474DEC,Rap
0.0,0.0,1,-5.167,1,85.012,4,TRAGALM128F4236C86,Rap
0.0,0.0,11,-3.889,1,172.485,4,TRAGDWI128F92D84B0,Rap
0.0,0.0,7,-8.273,1,90.158,4,TRAGFQG128F42418D5,Rap
0.0,0.0,5,-7.239,1,100.783,4,TRAGFUR128E078B8B3,Rap
0.0,0.0,5,-9.642,0,90.507,4,TRAGLSU128F145FFB2,Rap
0.0,0.0,8,-9.423,1,160.02,4,TRAGLXF128E078703E,Rap
0.0,0.0,9,-8.763,1,117.464,4,TRAGMXM128F934AA30,Rap
0.0,0.0,0,-18.7,1,166.092,4,TRAGQVO128F145C0AF,Rap
0.0,0.0,0,-8.666,1,100.032,4,TRAGTUF128F42297F1,Rap
0.0,0.0,6,-5.16,0,87.747,4,TRAGVAO128F4289B5D,Rap
0.0,0.0,10,-7.144,0,107.32,3,TRAGVCD128F42A4C01,Rap
0.0,0.0,9,-9.06,0,90.983,3,TRAHBNZ128F92FC2A7,Rap
0.0,0.0,1,-5.625,0,60.017,1,TRAHBQT128F4213403,Rap
0.0,0.0,2,-3.426,1,168.02,4,TRAHEEY128F9335ECD,Rap
0.0,0.0,0,-22.214,1,50.059,4,TRAHFOU128F42B3F2A,Rap
0.0,0.0,5,-16.205,1,107.905,4,TRAHJCI128F92FFB38,Rap
0.0,0.0,10,-12.955,0,140.281,1,TRAHRDL128F92FC334,Rap
0.0,0.0,1,-3.775,1,159.499,4,TRAHRIG12903CC4871,Rap
0.0,0.0,5,-5.815,0,99.095,4,TRAHTIM128F1475DBA,Rap
0.0,0.0,1,-2.664,1,94.819,4,TRAHVUK128F1456988,Rap
0.0,0.0,6,-11.498,0,173.423,4,TRAHVWT128F148D428,Rap
0.0,0.0,9,-4.224,0,181.208,4,TRAHZXY128F930A09A,Rap
0.0,0.0,6,-11.38,1,95.098,4,TRAIACZ128F428C60A,Rap
0.0,0.0,2,-10.086,1,102.829,4,TRAIBXJ128F4260700,Rap
0.0,0.0,11,-4.316,0,174.293,3,TRAIGZU128F4236EB6,Rap
0.0,0.0,10,-6.566,0,240.263,4,TRAIHYT128F9350C8D,Rap
0.0,0.0,10,-5.095,0,78.971,4,TRAILKS128F14A3AC9,Rap
0.0,0.0,5,-7.038,0,131.955,4,TRAIPST128F9302AE9,Rap
0.0,0.0,0,-6.945,1,114.752,4,TRAIPZU128F42418F0,Rap
0.0,0.0,1,-6.888,0,106.756,5,TRAIQGR128F4287DF7,Rap
0.0,0.0,11,-5.688,0,96.054,4,TRAIRWM12903CE75BB,Rap
0.0,0.0,7,-8.648,1,127.923,1,TRAIUVT12903CD76F3,Rap
0.0,0.0,7,-5.411,1,134.245,4,TRAIXNZ128F934D8A9,Rap
0.0,0.0,1,-9.644,1,125.593,3,TRAIYZW128F9330F7D,Rap
0.0,0.0,1,-12.69,1,107.927,1,TRAIZHG128F934FE42,Rap
0.0,0.0,1,-7.532,1,121.871,4,TRAJCLY128F930F893,Rap
0.0,0.0,8,-6.788,0,177.662,4,TRAJDGB128F42882AC,Rap
0.0,0.0,7,-9.632,1,100.016,4,TRAJHSS128F930F73A,Rap
0.0,0.0,11,-9.716,0,102.739,4,TRAJJNB128F42A0A4F,Rap
0.0,0.0,10,-12.738,0,185.325,4,TRAJSNE128F9305CFD,Rap
0.0,0.0,6,-3.523,1,104.993,4,TRAJTCL128F1460CDA,Rap
0.0,0.0,1,-9.049,1,171.787,4,TRAJUPY128EF3645D3,Rap
0.0,0.0,1,-5.172,1,167.59,4,TRAJUWA128F92E5B59,Rap
0.0,0.0,5,-9.323,1,147.782,3,TRAAAMO128F1481E7F,Religious
0.0,0.0,7,-11.829,1,216.195,5,TRAAHRF128F92FE234,Religious
0.0,0.0,1,-11.061,1,166.275,4,TRAAJMH128E0785407,Religious
0.0,0.0,2,-10.754,1,192.702,5,TRABAZH128F930419A,Religious
0.0,0.0,6,-4.228,0,160.731,4,TRABHKR128F424944A,Religious
0.0,0.0,6,-15.598,1,115.258,1,TRABJVT128F14AE4B4,Religious
0.0,0.0,10,-20.284,0,124.194,7,TRABQIR12903CF04AD,Religious
0.0,0.0,8,-8.132,1,157.869,4,TRABXJO12903CF0E6F,Religious
0.0,0.0,10,-10.3,0,135.955,4,TRABYCO128F4271180,Religious
0.0,0.0,2,-2.001,1,120.977,5,TRACEBJ128EF343585,Religious
0.0,0.0,6,-30.293,1,72.001,5,TRACFVO128F9300F29,Religious
0.0,0.0,11,-6.748,1,117.985,4,TRACHFO12903CB3009,Religious
0.0,0.0,10,-12.935,1,101.988,4,TRACLLH128F92E1F2F,Religious
0.0,0.0,7,-11.536,1,119.194,4,TRACRNT128F426FA27,Religious
0.0,0.0,9,-5.946,1,130.64,5,TRACVBQ128E07855EE,Religious
0.0,0.0,8,-9.055,1,41.21,4,TRACWYD128F1465B4A,Religious
0.0,0.0,4,-8.672,1,92.881,4,TRACYND128F423E23D,Religious
0.0,0.0,10,-7.68,1,104.856,4,TRADEME128F9301CBB,Religious
0.0,0.0,8,-6.677,1,100.081,4,TRADNHK128E0785452,Religious
0.0,0.0,7,-14.173,1,115.371,1,TRADVCK128F92FE22E,Religious
0.0,0.0,9,-8.686,1,119.711,4,TRAEFTR128F429A360,Religious
0.0,0.0,2,-5.202,1,162.002,4,TRAEOGO128F93302B9,Religious
0.0,0.0,6,-6.477,0,125.95,4,TRAEUHN128F92E2C7F,Religious
0.0,0.0,2,-13.341,1,126.555,4,TRAEYQC128F4239093,Religious
0.0,0.0,1,-8.885,1,90.033,4,TRAFEOY128F4259E97,Religious
0.0,0.0,11,-12.634,1,115.919,4,TRAFGCY128F4246B9C,Religious
0.0,0.0,1,-9.295,1,171.329,3,TRAFGMJ128F930F532,Religious
0.0,0.0,1,-5.251,1,93.924,4,TRAFHYI128F92F87BB,Religious
0.0,0.0,2,-3.353,1,141.749,4,TRAFKKS128F92E3F23,Religious
0.0,0.0,0,-8.278,1,141.379,4,TRAFUTE128F930F510,Religious
0.0,0.0,5,-8.925,1,129.493,4,TRAGACJ128F427118C,Religious
0.0,0.0,7,-14.328,0,194.028,4,TRAGCRL128F4254E80,Religious
0.0,0.0,9,-9.803,1,149.916,4,TRAGDCN128F92F9050,Religious
0.0,0.0,10,-11.3,1,118.017,4,TRAGFDW128F933A421,Religious
0.0,0.0,8,-11.29,1,129.88,4,TRAGMTY128F4260063,Religious
0.0,0.0,7,-12.118,1,86.142,4,TRAGPKF128F427B439,Religious
0.0,0.0,1,-7.831,1,125.908,4,TRAGUNG128F92F67B3,Religious
0.0,0.0,0,-11.403,1,107.531,4,TRAGVMH128F14ADF05,Religious
0.0,0.0,7,-7.874,1,143.898,4,TRAGYEF128F426DF61,Religious
0.0,0.0,7,-9.475,0,88.012,4,TRAHIZA128F14ADC50,Religious
0.0,0.0,5,-14.587,1,59.17,1,TRAHKUS128F425ABD8,Religious
0.0,0.0,1,-5.174,1,144.022,4,TRAHLIF128F92E9CCF,Religious
0.0,0.0,7,-15.636,1,103.584,7,TRAHMQV12903CB2DB7,Religious
0.0,0.0,0,-7.181,0,124.332,4,TRAHPHY128F9345BA0,Religious
0.0,0.0,7,-6.429,1,162.995,4,TRAIBWR128F42390B3,Religious
0.0,0.0,9,-8.299,0,97.022,4,TRAICFW128F42ADB39,Religious
0.0,0.0,8,-11.907,1,162.987,4,TRAIFSJ128F92FE22F,Religious
0.0,0.0,1,-4.017,1,151.844,4,TRAIFSM128F42722F1,Religious
0.0,0.0,7,-6.108,1,141.729,4,TRAIISE128F42AE299,Religious
0.0,0.0,7,-10.44,0,89.941,4,TRAIMDW128F14B0B75,Religious
0.0,0.0,2,-10.447,0,117.437,4,TRAIRGY128F4271023,Religious
0.0,0.0,4,-2.224,1,101.905,4,TRAIVMN128F147C5B8,Religious
0.0,0.0,0,-9.915,1,113.636,3,TRAIVVQ128F146AB17,Religious
0.0,0.0,6,-10.204,0,180.121,3,TRAIZXV128F426FA30,Religious
0.0,0.0,0,-9.113,0,107.932,4,TRAJCIR128F146ABA7,Religious
0.0,0.0,2,-10.996,1,182.247,4,TRAJHEE12903CB937A,Religious
0.0,0.0,1,-7.792,0,107.905,4,TRAJRZL128F42699D5,Religious
0.0,0.0,10,-11.723,1,69.169,3,TRAJVQV128F424C1ED,Religious
0.0,0.0,2,-14.677,1,112.248,1,TRAJXAY128F4239110,Religious
0.0,0.0,7,-7.92,1,118.152,4,TRAJXRE128F425A63C,Religious
0.0,0.0,0,-4.071,1,130.98,4,TRAJZDD128F425AA57,Religious
0.0,0.0,10,-6.464,0,88.025,4,TRAKKHN128E07855F9,Religious
0.0,0.0,4,-6.352,1,196.13,4,TRAKRQK12903CB3006,Religious
0.0,0.0,8,-5.74,1,103.8,3,TRAKYHH12903CF08B0,Religious
0.0,0.0,11,-11.366,1,99.141,4,TRALGCL12903CE74A7,Religious
0.0,0.0,2,-11.724,1,121.437,4,TRALKVQ12903CB0573,Religious
0.0,0.0,2,-11.922,1,127.686,4,TRALLAM128F429A3B8,Religious
0.0,0.0,8,-15.37,0,122.166,3,TRALLGN12903CB0369,Religious
0.0,0.0,4,-9.793,1,146.807,3,TRALXRF128F428F160,Religious
0.0,0.0,9,-12.22,0,111.379,4,TRAMBTK128F42390A4,Religious
0.0,0.0,0,-7.721,1,163.96,4,TRAMCLN128F9302E27,Religious
0.0,0.0,9,-7.097,1,111.959,4,TRAMDNR12903CEC0DF,Religious
0.0,0.0,7,-14.173,1,97.977,7,TRAMJTV128F425A5A4,Religious
0.0,0.0,0,-17.471,1,108.718,4,TRAMNPV128F932AC6D,Religious
0.0,0.0,1,-7.82,1,96.0,4,TRAMQFO128F423CC4A,Religious
0.0,0.0,11,-8.998,1,124.766,4,TRANADU128F9345BC8,Religious
0.0,0.0,3,-9.817,1,143.245,3,TRANBRL12903CED03D,Religious
0.0,0.0,0,-7.853,1,147.576,4,TRANPDG128F930F4FE,Religious
0.0,0.0,9,-11.809,1,104.56,4,TRANREH128F14AE5E5,Religious
0.0,0.0,2,-9.585,1,89.456,4,TRANVTB128F92E2C34,Religious
0.0,0.0,7,-12.126,1,105.834,4,TRANYLR128F4271924,Religious
0.0,0.0,8,-13.644,1,124.066,4,TRAOSLL128F930687E,Religious
0.0,0.0,0,-10.301,1,101.943,3,TRAOWWM128F1481D48,Religious
0.0,0.0,0,-12.813,1,139.992,4,TRAPCJC128F933A5AC,Religious
0.0,0.0,0,-6.814,1,131.065,4,TRAPGYN128F92C40CC,Religious
0.0,0.0,0,-12.748,1,104.981,4,TRAPPPE128EF353210,Religious
0.0,0.0,1,-8.158,1,100.862,4,TRAPXNL128F4258C60,Religious
0.0,0.0,2,-19.725,1,101.905,1,TRAPYHA12903CED089,Religious
0.0,0.0,4,-10.277,1,71.911,1,TRAQCXM128F4230BAD,Religious
0.0,0.0,1,-18.871,1,124.734,1,TRAQEJH12903CF048F,Religious
0.0,0.0,4,-10.882,0,90.094,3,TRAQJLD128F9350D44,Religious
0.0,0.0,0,-13.051,1,168.34,4,TRAQLIE128F931C3F3,Religious
0.0,0.0,4,-11.555,0,105.498,4,TRAQNEC128F14ADF01,Religious
0.0,0.0,7,-8.188,1,126.884,4,TRAQOLQ128EF3531E3,Religious
0.0,0.0,0,-9.819,1,106.963,4,TRAQRFN128F93071EA,Religious
0.0,0.0,1,-21.669,1,100.399,4,TRAQZTC128F933E227,Religious
0.0,0.0,7,-9.598,1,87.76,7,TRAREGG128F425A5D8,Religious
0.0,0.0,9,-5.934,1,108.351,4,TRARHLY128F42698CA,Religious
0.0,0.0,2,-4.714,1,124.228,4,TRARYKP128F9334BB1,Religious
0.0,0.0,3,-11.869,1,144.215,3,TRASGHI128F423A47E,Religious
0.0,0.0,6,-9.843,0,121.274,4,TRAAABD128F429CF47,Rock
0.0,0.0,0,-9.013,1,119.293,4,TRAAAEF128F4273421,Rock
0.0,0.0,4,-13.496,1,86.643,4,TRAAARJ128F9320760,Rock
0.0,0.0,7,-8.576,1,119.826,4,TRAABLR128F423B7E3,Rock
0.0,0.0,7,-5.271,1,150.062,4,TRAABVM128F92CA9DC,Rock
0.0,0.0,7,-5.908,1,164.672,1,TRAACHN128F1489601,Rock
0.0,0.0,4,-15.335,0,138.007,4,TRAACQT128F9331780,Rock
0.0,0.0,2,-2.022,1,115.887,4,TRAADLH12903CA70EE,Rock
0.0,0.0,9,-10.358,0,139.333,1,TRAADLN128F14832E9,Rock
0.0,0.0,7,-10.7,1,123.142,4,TRAADOF12903CAA1C1,Rock
0.0,0.0,11,-9.253,1,154.953,1,TRAADVH128EF34DE7A,Rock
0.0,0.0,7,-13.33,1,124.175,4,TRAAENC128F1451DE9,Rock
0.0,0.0,7,-12.412,1,137.004,1,TRAAENP128F147BF32,Rock
0.0,0.0,0,-5.907,1,116.823,4,TRAAEWG128F930B3A4,Rock
0.0,0.0,8,-4.865,1,140.995,1,TRAAFYL128E07856A7,Rock
0.0,0.0,9,-11.751,0,144.603,4,TRAAGGE128F9325E2C,Rock
0.0,0.0,0,-2.658,1,132.022,4,TRAAGKF128F932D5A2,Rock
0.0,0.0,2,-8.165,1,115.606,4,TRAAGPJ128F428CD1B,Rock
0.0,0.0,2,-8.7,1,113.677,4,TRAAGVF128E0789785,Rock
0.0,0.0,0,-4.907,1,141.936,4,TRAAGXN128F92DE52C,Rock
0.0,0.0,8,-8.37,0,108.061,4,TRAAHPZ12903CB4643,Rock
0.0,0.0,0,-9.275,1,172.398,1,TRAAIDY128F92CA454,Rock
0.0,0.0,9,-13.495,0,126.821,4,TRAAIIE128F4288BB1,Rock
0.0,0.0,4,-5.931,0,110.745,4,TRAAIYR12903CD290D,Rock
0.0,0.0,9,-4.953,1,133.306,4,TRAAJJG128F4284B27,Rock
0.0,0.0,6,-7.982,0,124.04,5,TRAAKAS128F4246013,Rock
0.0,0.0,7,-5.699,1,152.127,4,TRAAKDF128F92FA302,Rock
0.0,0.0,11,-3.818,0,175.421,1,TRAAKTK128F9343DCC,Rock
0.0,0.0,2,-4.878,0,135.535,7,TRAALNG12903D014E9,Rock
0.0,0.0,4,-8.403,0,105.994,3,TRAAMES128F42AF068,Rock
0.0,0.0,5,-2.869,0,102.259,3,TRAAMSO128EF348DCC,Rock
0.0,0.0,10,-7.309,1,107.529,3,TRAAMXP128F4264F6A,Rock
0.0,0.0,4,-4.172,0,75.031,4,TRAAOIN128F9303790,Rock
0.0,0.0,7,-10.756,1,150.837,4,TRAAOJI128F1458DCD,Rock
0.0,0.0,11,-23.527,1,97.981,1,TRAAOTD128F42322FC,Rock
0.0,0.0,6,-4.2,0,140.458,3,TRAAPFQ128F42684DB,Rock
0.0,0.0,0,-16.433,1,132.506,4,TRAAPGF128F1458F8B,Rock
0.0,0.0,2,-6.951,1,153.862,4,TRAAPIV128F1493132,Rock
0.0,0.0,0,-9.628,1,124.086,4,TRAAPPQ128F14961F5,Rock
0.0,0.0,1,-4.376,1,139.998,4,TRAAPVV128F425D64C,Rock
0.0,0.0,5,-15.736,1,89.86,1,TRAAQBF12903CF796B,Rock
0.0,0.0,11,-9.062,1,139.91,4,TRAAQOH128F4265CE6,Rock
0.0,0.0,4,-12.772,1,135.175,3,TRAAQUC128F9322A82,Rock
0.0,0.0,4,-6.546,1,151.953,4,TRAARHS128F931689D,Rock
0.0,0.0,9,-4.178,1,124.237,4,TRAASIG128F92C3A6B,Rock
0.0,0.0,9,-2.069,1,140.63,1,TRAASKQ128F4265E04,Rock
0.0,0.0,2,-1.843,1,106.698,1,TRAATGM12903C9CD7C,Rock
0.0,0.0,1,-9.334,1,120.097,4,TRAATPA128F146753C,Rock
0.0,0.0,2,-13.135,1,105.24,4,TRAATXO128F92D97A6,Rock
0.0,0.0,10,-7.255,0,108.264,4,TRAAUEO128E0780CB9,Rock
0.0,0.0,7,-11.356,1,91.328,4,TRAAUKK128F933A680,Rock
0.0,0.0,8,-8.147,1,130.062,4,TRAAUMJ128F933BDB6,Rock
0.0,0.0,3,-15.54,1,162.682,4,TRAAWUH128F427F12C,Rock
0.0,0.0,9,-12.77,1,98.49,1,TRAAXUY128F426BA55,Rock
0.0,0.0,11,-22.752,1,186.882,3,TRABCTK128F934B224,Rock
0.0,0.0,4,-6.977,1,90.199,1,TRABCXB128F4286BD3,Rock
0.0,0.0,6,-7.626,1,100.032,4,TRABDSK128F42443F1,Rock
0.0,0.0,0,-3.159,1,136.948,4,TRABEMC128F148EF2D,Rock
0.0,0.0,2,-2.838,1,91.483,4,TRABFKN12903CAF61B,Rock
0.0,0.0,7,-8.548,1,116.11,4,TRABGHG128F934B27E,Rock
0.0,0.0,1,-4.583,0,92.044,3,TRABHBA128F424CF80,Rock
0.0,0.0,10,-19.263,1,131.683,4,TRABHVF128F425A0C9,Rock
0.0,0.0,9,-12.091,1,193.56,4,TRABIPA128F1458F79,Rock
0.0,0.0,11,-8.576,1,122.006,4,TRABIQP128F427D0DD,Rock
0.0,0.0,2,-6.746,0,100.76,4,TRABIWU12903CDF3B7,Rock
0.0,0.0,7,-10.324,1,127.298,4,TRABIZY128F933C696,Rock
0.0,0.0,7,-4.507,1,179.988,3,TRABJWA128F9309C09,Rock
0.0,0.0,7,-4.621,1,80.41,4,TRABKBS128F42823EC,Rock
0.0,0.0,6,-4.806,1,131.079,4,TRABLGI128F42B867A,Rock
0.0,0.0,6,-7.301,0,133.383,4,TRABLLK128F428FFAF,Rock
0.0,0.0,2,-3.637,1,142.68,4,TRABLMN128E0792687,Rock
0.0,0.0,0,-9.224,1,121.232,4,TRABLTP128F930DC6D,Rock
0.0,0.0,7,-10.45,1,123.657,4,TRABMFI128F1476F9F,Rock
0.0,0.0,11,-8.471,1,147.661,4,TRABMKI128F422E0BE,Rock
0.0,0.0,6,-18.863,0,133.398,1,TRABNET128F14560AC,Rock
0.0,0.0,9,-7.714,1,114.73,4,TRABNEX128F92C9DEA,Rock
0.0,0.0,2,-7.499,1,93.015,4,TRABNLE128EF34B85D,Rock
0.0,0.0,1,-10.453,1,81.586,5,TRABOUV128F149E919,Rock
0.0,0.0,2,-10.269,0,105.927,3,TRABPAG128F92E2D80,Rock
0.0,0.0,0,-5.959,1,100.051,4,TRABPHE128F42A1E65,Rock
0.0,0.0,7,-5.766,1,125.086,1,TRABSAR128F42324A8,Rock
0.0,0.0,5,-11.549,1,66.988,4,TRABSNL128F92E2872,Rock
0.0,0.0,8,-6.931,1,115.033,4,TRABSXW128F4233422,Rock
0.0,0.0,0,-6.084,1,210.982,1,TRABUAQ128F4258028,Rock
0.0,0.0,7,-5.66,1,101.08,4,TRABUCZ128F424163A,Rock
0.0,0.0,10,-3.91,0,107.845,4,TRABUMO12903CBE25F,Rock
0.0,0.0,8,-4.44,1,104.984,4,TRABUUH128F4241346,Rock
0.0,0.0,8,-6.033,1,142.116,4,TRABVIU128E0780DA0,Rock
0.0,0.0,7,-13.992,1,124.604,4,TRABVLU128F9337F6D,Rock
0.0,0.0,9,-5.648,0,88.02,1,TRABVVN12903CB6445,Rock
0.0,0.0,7,-7.199,1,127.745,4,TRABVWG128F9359323,Rock
0.0,0.0,1,-4.714,1,97.148,4,TRABXPR128F92F27FE,Rock
0.0,0.0,5,-12.649,1,86.665,4,TRABYND128F42765BB,Rock
0.0,0.0,9,-8.952,0,140.984,4,TRABZKU12903CBFE15,Rock
0.0,0.0,7,-7.329,1,143.679,1,TRABZOP128F9316E24,Rock
0.0,0.0,7,-10.086,1,102.756,3,TRABZRZ128F42628AD,Rock
0.0,0.0,4,-8.579,1,147.679,1,TRABZSI128F9329184,Rock
0.0,0.0,0,-4.683,1,64.006,1,TRACABS128E0786B0B,Rock
0.0,0.0,3,-12.437,1,94.105,3,TRACAMK128F4265F0D,Rock
0.0,0.0,5,-5.779,0,140.13,4,TRACAUP128F931AC60,Rock
